reference,pin,rail,net,x_mm,y_mm,native_x_mm,native_y_mm,role
J41,1,24V,,1.1768986872045906,7.2,21.17689868720459,47.2,strip solder overlap
J41,2,W,,3.209156751720719,7.2,23.20915675172072,47.2,strip solder overlap
J41,3,N,,8.797866429140074,7.2,28.797866429140072,47.2,strip solder overlap
J41,4,C,,10.830124493656204,7.2,30.830124493656204,47.2,strip solder overlap
J42,1,24V,Z4_T23_24V,14.783921868065383,7.2,34.783921868065384,47.2,strip solder overlap
J42,2,W,Z4_T23_W,16.816179932581512,7.2,36.81617993258151,47.2,strip solder overlap
J42,3,N,Z4_T23_N,22.404889610000865,7.2,42.404889610000865,47.2,strip solder overlap
J42,4,C,Z4_T23_C,24.437147674516993,7.2,44.43714767451699,47.2,strip solder overlap
J43,1,24V,Z4_T23_24V,28.390945048926177,7.2,48.39094504892618,47.2,strip solder overlap
J43,2,W,Z4_T23_W,30.42320311344231,7.2,50.42320311344231,47.2,strip solder overlap
J43,3,N,Z4_T23_N,36.011912790861665,7.2,56.011912790861665,47.2,strip solder overlap
J43,4,C,Z4_T23_C,38.04417085537779,7.2,58.04417085537779,47.2,strip solder overlap
J44,1,24V,ZONE4_24V,41.99796822978697,7.2,61.99796822978697,47.2,strip solder overlap
J44,2,W,ZONE4_W,44.0302262943031,7.2,64.0302262943031,47.2,strip solder overlap
J44,3,N,ZONE4_N,49.61893597172246,7.2,69.61893597172246,47.2,strip solder overlap
J44,4,C,ZONE4_C,51.651194036238586,7.2,71.65119403623859,47.2,strip solder overlap
J51,1,24V,,55.60499141064776,7.2,75.60499141064776,47.2,strip solder overlap
J51,2,W,,57.63724947516389,7.2,77.63724947516388,47.2,strip solder overlap
J51,3,N,,63.22595915258325,7.2,83.22595915258324,47.2,strip solder overlap
J51,4,C,,65.25821721709937,7.2,85.25821721709937,47.2,strip solder overlap
J52,1,24V,Z5_T23_24V,69.21201459150856,7.2,89.21201459150856,47.2,strip solder overlap
J52,2,W,Z5_T23_W,71.24427265602469,7.2,91.24427265602469,47.2,strip solder overlap
J52,3,N,Z5_T23_N,76.83298233344405,7.2,96.83298233344405,47.2,strip solder overlap
J52,4,C,Z5_T23_C,78.86524039796018,7.2,98.86524039796018,47.2,strip solder overlap
J53,1,24V,Z5_T23_24V,82.81903777236934,7.2,102.81903777236934,47.2,strip solder overlap
J53,2,W,Z5_T23_W,84.85129583688547,7.2,104.85129583688547,47.2,strip solder overlap
J53,3,N,Z5_T23_N,90.44000551430483,7.2,110.44000551430483,47.2,strip solder overlap
J53,4,C,Z5_T23_C,92.47226357882096,7.2,112.47226357882096,47.2,strip solder overlap
J54,1,24V,ZONE5_24V,96.42606095323015,7.2,116.42606095323015,47.2,strip solder overlap
J54,2,W,ZONE5_W,98.45831901774628,7.2,118.45831901774628,47.2,strip solder overlap
J54,3,N,ZONE5_N,104.04702869516564,7.2,124.04702869516564,47.2,strip solder overlap
J54,4,C,ZONE5_C,106.07928675968176,7.2,126.07928675968176,47.2,strip solder overlap
J61,1,24V,,110.03308413409093,7.2,130.03308413409093,47.2,strip solder overlap
J61,2,W,,112.06534219860706,7.2,132.06534219860706,47.2,strip solder overlap
J61,3,N,,117.65405187602641,7.2,137.65405187602641,47.2,strip solder overlap
J61,4,C,,119.68630994054254,7.2,139.68630994054254,47.2,strip solder overlap
J62,1,24V,Z6_T23_24V,123.64010731495172,7.2,143.6401073149517,47.2,strip solder overlap
J62,2,W,Z6_T23_W,125.67236537946785,7.2,145.67236537946786,47.2,strip solder overlap
J62,3,N,Z6_T23_N,131.2610750568872,7.2,151.2610750568872,47.2,strip solder overlap
J62,4,C,Z6_T23_C,133.29333312140332,7.2,153.29333312140332,47.2,strip solder overlap
J63,1,24V,Z6_T23_24V,137.2471304958125,7.2,157.2471304958125,47.2,strip solder overlap
J63,2,W,Z6_T23_W,139.27938856032864,7.2,159.27938856032864,47.2,strip solder overlap
J63,3,N,Z6_T23_N,144.86809823774797,7.2,164.86809823774797,47.2,strip solder overlap
J63,4,C,Z6_T23_C,146.9003563022641,7.2,166.9003563022641,47.2,strip solder overlap
J64,1,24V,ZONE6_24V,150.85415367667332,7.2,170.85415367667332,47.2,strip solder overlap
J64,2,W,ZONE6_W,152.88641174118945,7.2,172.88641174118945,47.2,strip solder overlap
J64,3,N,ZONE6_N,158.47512141860878,7.2,178.47512141860878,47.2,strip solder overlap
J64,4,C,ZONE6_C,160.5073794831249,7.2,180.5073794831249,47.2,strip solder overlap
J11,1,24V,ZONE1_24V,164.4611768575341,7.2,184.4611768575341,47.2,strip solder overlap
J11,2,W,ZONE1_W,166.49343492205023,7.2,186.49343492205023,47.2,strip solder overlap
J11,3,N,ZONE1_N,172.08214459946956,7.2,192.08214459946956,47.2,strip solder overlap
J11,4,C,ZONE1_C,174.1144026639857,7.2,194.1144026639857,47.2,strip solder overlap
J12,1,24V,Z1_T23_24V,178.0682000383949,7.2,198.0682000383949,47.2,strip solder overlap
J12,2,W,Z1_T23_W,180.10045810291103,7.2,200.10045810291103,47.2,strip solder overlap
J12,3,N,Z1_T23_N,185.68916778033037,7.2,205.68916778033037,47.2,strip solder overlap
J12,4,C,Z1_T23_C,187.7214258448465,7.2,207.7214258448465,47.2,strip solder overlap
J13,1,24V,Z1_T23_24V,191.67522321925568,7.2,211.67522321925568,47.2,strip solder overlap
J13,2,W,Z1_T23_W,193.7074812837718,7.2,213.7074812837718,47.2,strip solder overlap
J13,3,N,Z1_T23_N,199.29619096119114,7.2,219.29619096119114,47.2,strip solder overlap
J13,4,C,Z1_T23_C,201.32844902570727,7.2,221.32844902570727,47.2,strip solder overlap
J14,1,24V,,205.2822464001165,7.2,225.2822464001165,47.2,strip solder overlap
J14,2,W,,207.31450446463262,7.2,227.31450446463262,47.2,strip solder overlap
J14,3,N,,212.90321414205195,7.2,232.90321414205195,47.2,strip solder overlap
J14,4,C,,214.93547220656808,7.2,234.93547220656808,47.2,strip solder overlap
J21,1,24V,ZONE2_24V,218.88926958097727,7.2,238.88926958097727,47.2,strip solder overlap
J21,2,W,ZONE2_W,220.9215276454934,7.2,240.9215276454934,47.2,strip solder overlap
J21,3,N,ZONE2_N,226.51023732291273,7.2,246.51023732291273,47.2,strip solder overlap
J21,4,C,ZONE2_C,228.54249538742886,7.2,248.54249538742886,47.2,strip solder overlap
J22,1,24V,Z2_T23_24V,232.49629276183808,7.2,252.49629276183808,47.2,strip solder overlap
J22,2,W,Z2_T23_W,234.5285508263542,7.2,254.5285508263542,47.2,strip solder overlap
J22,3,N,Z2_T23_N,240.11726050377354,7.2,260.11726050377354,47.2,strip solder overlap
J22,4,C,Z2_T23_C,242.14951856828966,7.2,262.14951856828964,47.2,strip solder overlap
J23,1,24V,Z2_T23_24V,246.10331594269886,7.2,266.1033159426988,47.2,strip solder overlap
J23,2,W,Z2_T23_W,248.13557400721498,7.2,268.135574007215,47.2,strip solder overlap
J23,3,N,Z2_T23_N,253.72428368463432,7.2,273.7242836846343,47.2,strip solder overlap
J23,4,C,Z2_T23_C,255.75654174915044,7.2,275.7565417491504,47.2,strip solder overlap
J24,1,24V,,259.71033912355966,7.2,279.71033912355966,47.2,strip solder overlap
J24,2,W,,261.74259718807576,7.2,281.74259718807576,47.2,strip solder overlap
J24,3,N,,267.33130686549515,7.2,287.33130686549515,47.2,strip solder overlap
J24,4,C,,269.36356493001125,7.2,289.36356493001125,47.2,strip solder overlap
J31,1,24V,ZONE3_24V,273.31736230442044,7.2,293.31736230442044,47.2,strip solder overlap
J31,2,W,ZONE3_W,275.34962036893654,7.2,295.34962036893654,47.2,strip solder overlap
J31,3,N,ZONE3_N,280.93833004635593,7.2,300.93833004635593,47.2,strip solder overlap
J31,4,C,ZONE3_C,282.97058811087203,7.2,302.97058811087203,47.2,strip solder overlap
J32,1,24V,Z3_T23_24V,286.9243854852812,7.2,306.9243854852812,47.2,strip solder overlap
J32,2,W,Z3_T23_W,288.9566435497973,7.2,308.9566435497973,47.2,strip solder overlap
J32,3,N,Z3_T23_N,294.5453532272167,7.2,314.5453532272167,47.2,strip solder overlap
J32,4,C,Z3_T23_C,296.5776112917328,7.2,316.5776112917328,47.2,strip solder overlap
J33,1,24V,Z3_T23_24V,300.53140866614206,7.2,320.53140866614206,47.2,strip solder overlap
J33,2,W,Z3_T23_W,302.56366673065816,7.2,322.56366673065816,47.2,strip solder overlap
J33,3,N,Z3_T23_N,308.15237640807754,7.2,328.15237640807754,47.2,strip solder overlap
J33,4,C,Z3_T23_C,310.18463447259364,7.2,330.18463447259364,47.2,strip solder overlap
J34,1,24V,,314.13843184700283,7.2,334.13843184700283,47.2,strip solder overlap
J34,2,W,,316.17068991151893,7.2,336.17068991151893,47.2,strip solder overlap
J34,3,N,,321.7593995889383,7.2,341.7593995889383,47.2,strip solder overlap
J34,4,C,,323.7916576534544,7.2,343.7916576534544,47.2,strip solder overlap
J10,1,24V,ZONE1_24V,163.7342781703295,-7.0,183.7342781703295,33.0,controller input
J10,2,W,ZONE1_W,165.0842781703295,-7.0,185.0842781703295,33.0,controller input
J10,3,N,ZONE1_N,167.1342781703295,-7.0,187.1342781703295,33.0,controller input
J10,4,C,ZONE1_C,168.2842781703295,-7.0,188.2842781703295,33.0,controller input
J20,1,24V,ZONE2_24V,169.4342781703295,-7.0,189.4342781703295,33.0,controller input
J20,2,W,ZONE2_W,170.5842781703295,-7.0,190.5842781703295,33.0,controller input
J20,3,N,ZONE2_N,172.68427817032952,-7.0,192.68427817032952,33.0,controller input
J20,4,C,ZONE2_C,174.73427817032953,-7.0,194.73427817032953,33.0,controller input
J30,1,24V,ZONE3_24V,175.88427817032954,-7.0,195.88427817032954,33.0,controller input
J30,2,W,ZONE3_W,177.03427817032951,-7.0,197.03427817032951,33.0,controller input
J30,3,N,ZONE3_N,178.68427817032955,-7.0,198.68427817032955,33.0,controller input
J30,4,C,ZONE3_C,180.73427817032956,-7.0,200.73427817032956,33.0,controller input
J60,1,24V,ZONE6_24V,156.68427817032952,-7.0,176.68427817032952,33.0,controller input
J60,2,W,ZONE6_W,157.8342781703295,-7.0,177.8342781703295,33.0,controller input
J60,3,N,ZONE6_N,159.8842781703295,-7.0,179.8842781703295,33.0,controller input
J60,4,C,ZONE6_C,161.2342781703295,-7.0,181.2342781703295,33.0,controller input
J50,1,24V,ZONE5_24V,150.23427817032947,-7.0,170.23427817032947,33.0,controller input
J50,2,W,ZONE5_W,152.2842781703295,-7.0,172.2842781703295,33.0,controller input
J50,3,N,ZONE5_N,154.3842781703295,-7.0,174.3842781703295,33.0,controller input
J50,4,C,ZONE5_C,155.53427817032951,-7.0,175.53427817032951,33.0,controller input
J40,1,24V,ZONE4_24V,144.23427817032945,-7.0,164.23427817032945,33.0,controller input
J40,2,W,ZONE4_W,146.28427817032946,-7.0,166.28427817032946,33.0,controller input
J40,3,N,ZONE4_N,147.9342781703295,-7.0,167.9342781703295,33.0,controller input
J40,4,C,ZONE4_C,149.08427817032947,-7.0,169.08427817032947,33.0,controller input
