pin,zone,rail,net,x_F_view_mm,x_gold_view_mm,maximum_screen_current_A
1,4,24V,ZONE4_24V,-14.5,14.5,0.6
2,4,24V,ZONE4_24V,-13.5,13.5,0.6
3,4,W,ZONE4_W,-12.5,12.5,0.2
4,4,N,ZONE4_N,-11.5,11.5,0.2
5,4,C,ZONE4_C,-10.5,10.5,0.2
6,5,24V,ZONE5_24V,-9.5,9.5,0.6
7,5,24V,ZONE5_24V,-8.5,8.5,0.6
8,5,W,ZONE5_W,-7.5,7.5,0.2
9,5,N,ZONE5_N,-6.5,6.5,0.2
10,5,C,ZONE5_C,-5.5,5.5,0.2
11,6,24V,ZONE6_24V,-4.5,4.5,0.6
12,6,24V,ZONE6_24V,-3.5,3.5,0.6
13,6,W,ZONE6_W,-2.5,2.5,0.2
14,6,N,ZONE6_N,-1.5,1.5,0.2
15,6,C,ZONE6_C,-0.5,0.5,0.2
16,1,24V,ZONE1_24V,0.5,-0.5,0.6
17,1,24V,ZONE1_24V,1.5,-1.5,0.6
18,1,W,ZONE1_W,2.5,-2.5,0.2
19,1,N,ZONE1_N,3.5,-3.5,0.2
20,1,C,ZONE1_C,4.5,-4.5,0.2
21,2,24V,ZONE2_24V,5.5,-5.5,0.6
22,2,24V,ZONE2_24V,6.5,-6.5,0.6
23,2,W,ZONE2_W,7.5,-7.5,0.2
24,2,N,ZONE2_N,8.5,-8.5,0.2
25,2,C,ZONE2_C,9.5,-9.5,0.2
26,3,24V,ZONE3_24V,10.5,-10.5,0.6
27,3,24V,ZONE3_24V,11.5,-11.5,0.6
28,3,W,ZONE3_W,12.5,-12.5,0.2
29,3,N,ZONE3_N,13.5,-13.5,0.2
30,3,C,ZONE3_C,14.5,-14.5,0.2
