"Item","Designators","Quantity per board","Quantity for 2 prototypes (no attrition)","Value / description","Manufacturer","Manufacturer part number","KiCad footprint","Primary source","Source revision / context","Assembly / engineering note","Sourcing evidence URL","Order status"
"1","U1","1","2","ESP32-C6-WROOM-1-N8","Espressif","ESP32-C6-WROOM-1-N8","EL:ESP32-C6-WROOM-1","https://documentation.espressif.com/esp32-c6-wroom-1_wroom-1u_datasheet_en.pdf","v1.4; module pad29 and land pattern independently inspected","3.3V supply; antenna keepout and peak-current/decoupling verification required","https://documentation.espressif.com/esp32-c6-wroom-1_wroom-1u_datasheet_en.pdf","QUOTE ONLY - exact source/quantity/process not confirmed"
"2","R1, R2, R3, R4, R5, R6, R20, R21, R36, R40, R41, R502, R504, R506, R507, R508, R509, R512, R513, R518, R519, R520, R526, R527, R528","25","50","10k","Yageo","RC0603FR-0710KL","Resistor_SMD:R_0603_1608Metric","https://www.yageogroup.com/component-documentation/download/specsheet/RC0603FR-0710KL","Exact manufacturer specsheet; dynamically generated2026, access2026-09-06","0.1W0603 or0.125W0805 at70C; exact value/code checked; assembler must confirm available quantity","https://www.yageogroup.com/component-documentation/download/specsheet/RC0603FR-0710KL","QUOTE ONLY - exact source/quantity/process not confirmed"
"3","C1, C22, C42, C43, C508","5","10","1u / 1uF 25V X7R","TDK","C1608X7R1E105K080AB","Capacitor_SMD:C_0603_1608Metric","https://product.tdk.com/en/search/capacitor/ceramic/mlcc/info?part_no=C1608X7R1E105K080AB","undated product page; source and stock dates distinguished","","https://product.tdk.com/en/search/capacitor/ceramic/mlcc/info?part_no=C1608X7R1E105K080AB","QUOTE ONLY - exact source/quantity/process not confirmed"
"4","R7, R8, R301, R302, R303, R304, R305, R306, R307, R308, R309, R310, R311, R312, R313, R314, R315, R316, R317, R318, R319, R320, R321","23","46","2.2k","Yageo","RC0603FR-072K2L","Resistor_SMD:R_0603_1608Metric","https://www.yageogroup.com/component-documentation/download/specsheet/RC0603FR-072K2L","Exact manufacturer specsheet; dynamically generated2026, access2026-09-06","0.1W0603 or0.125W0805 at70C; exact value/code checked; assembler must confirm available quantity","https://www.yageogroup.com/component-documentation/download/specsheet/RC0603FR-072K2L","QUOTE ONLY - exact source/quantity/process not confirmed"
"5","R9, R10, R11, R34, R35, R201, R202, R203, R204, R205, R206, R207, R208, R209, R210, R211, R212, R213, R214, R215, R216, R217, R218, R219, R220, R221, R510","27","54","100k","Yageo","RC0603FR-07100KL","Resistor_SMD:R_0603_1608Metric","https://www.yageogroup.com/component-documentation/download/specsheet/RC0603FR-07100KL","Exact manufacturer specsheet; dynamically generated2026, access2026-09-06","0.1W0603 or0.125W0805 at70C; exact value/code checked; assembler must confirm available quantity","https://www.yageogroup.com/component-documentation/download/specsheet/RC0603FR-07100KL","QUOTE ONLY - exact source/quantity/process not confirmed"
"6","C2, C4, C5, C20, C21, C30, C31, C40, C41, C44, C45, C46, C500, C502, C503, C505, C509, C514, C515, C517, C518","21","42","100n / 100nF 100V X7R","Murata","GRM188R72A104KA35D","Capacitor_SMD:C_0603_1608Metric","https://www.murata.com/products/productdetail?partno=GRM188R72A104KA35%23","undated exact product page","","https://www.murata.com/products/productdetail?partno=GRM188R72A104KA35%23","QUOTE ONLY - exact source/quantity/process not confirmed"
"7","C3, C510, C511, C512, C513","5","10","22uF 25V X7R","Murata","GRM32ER71E226KE15L","Capacitor_SMD:C_1210_3225Metric","https://search.murata.co.jp/Ceramy/image/img/A01X/G101/ENG/GRM32ER71E226KE15-01.pdf","-01, 2016-03-07","Nominal voltage/package checked; exact DC-bias effective capacitance and temperature/tolerance still required","https://search.murata.co.jp/Ceramy/image/img/A01X/G101/ENG/GRM32ER71E226KE15-01.pdf","QUOTE ONLY - exact source/quantity/process not confirmed"
"8","S1, S2","2","4","RESET / BOOT","E-Switch","TL3305AF160QG","Button_Switch_SMD:SW_SPST_TL3305A","https://www.e-switch.com/wp-content/uploads/2023/01/TL3305.pdf","2022-09-28 family catalog; exact OPN distributor listing","50mA12V; operating temperature -20 to70C; momentary reset/boot","https://www.e-switch.com/wp-content/uploads/2023/01/TL3305.pdf","QUOTE ONLY - exact source/quantity/process not confirmed"
"9","J17","1","2","ARM SWITCH","JST","B2B-PH-SM4-TB(LF)(SN)","ELF:Enclosure_J17","https://www.jst-mfg.com/product/pdf/eng/ePH.pdf","Public manufacturer data reviewed 2026-09-06; exact stock/quotation unconfirmed","JST PH vertical SMD ARM connector, public PH catalogue p2 land pattern. Contact 1 3V3, contact 2 ARM.","https://www.jst-mfg.com/product/pdf/eng/ePH.pdf","QUOTE ONLY - exact source/quantity/process not confirmed"
"10","J15","1","2","UART DEBUG","JST","SM04B-SRSS-TB(LF)(SN)","Connector_JST:JST_SH_SM04B-SRSS-TB_1x04-1MP_P1.00mm_Horizontal","https://www.jst-mfg.com/product/pdf/eng/eSH.pdf","SH catalog p1-3; exact OPN and land drawing visually reviewed","3.3V UART service; SH housing/crimp required; external adapter must not drive power pin1","https://www.jst-mfg.com/product/pdf/eng/eSH.pdf","QUOTE ONLY - exact source/quantity/process not confirmed"
"11","U5","1","2","SN74LVC08APWR","Texas Instruments","SN74LVC08APWR","Package_SO:TSSOP-14_4.4x5mm_P0.65mm","https://www.ti.com/lit/ds/symlink/sn74lvc08a.pdf","Primary pin functions and operating limits reviewed","3.3V quad AND; three PWM gates and physical ARM interlock","https://www.ti.com/lit/ds/symlink/sn74lvc08a.pdf","QUOTE ONLY - exact source/quantity/process not confirmed"
"12","U6","1","2","SN74LVC1G04DBVR","Texas Instruments","SN74LVC1G04DBVR","Package_TO_SOT_SMD:SOT-23-5","https://www.ti.com/lit/ds/symlink/sn74lvc1g04.pdf","Primary pin functions and operating limits reviewed","3.3V inverter driving PCA OE; default-high OE pullup","https://www.ti.com/lit/ds/symlink/sn74lvc1g04.pdf","QUOTE ONLY - exact source/quantity/process not confirmed"
"13","U4","1","2","TCAN1042HGVDRQ1","Texas Instruments","TCAN1042HGVDRQ1","Package_SO:SOIC-8_3.9x4.9mm_P1.27mm","https://www.ti.com/lit/ds/symlink/tcan1042h-q1.pdf","Primary device/pin functions reviewed","5V VCC/3.3V VIO; device bus-fault rating does not rate the complete terminated/protected port","https://www.ti.com/lit/ds/symlink/tcan1042h-q1.pdf","QUOTE ONLY - exact source/quantity/process not confirmed"
"14","U16","1","2","NUP2105LT1G","onsemi","NUP2105LT1G","Package_TO_SOT_SMD:SOT-23","https://www.onsemi.com/download/data-sheet/pdf/nup2105l-d.pdf","NUP2105L/D Rev12 June2026","24V working standoff; transient clamp only; no complete-port continuous high-voltage fault guarantee","https://www.onsemi.com/download/data-sheet/pdf/nup2105l-d.pdf","QUOTE ONLY - exact source/quantity/process not confirmed"
"15","R22","1","2","120","Yageo","RC0805FR-07120RL","Resistor_SMD:R_0805_2012Metric","https://www.yageogroup.com/component-documentation/download/specsheet/RC0805FR-07120RL","Exact manufacturer specsheet; dynamically generated2026, access2026-09-06","0.1W0603 or0.125W0805 at70C; exact value/code checked; assembler must confirm available quantity; termination0.125W, no24V across120ohm fault-survival claim","https://www.yageogroup.com/component-documentation/download/specsheet/RC0805FR-07120RL","QUOTE ONLY - exact source/quantity/process not confirmed"
"16","J14","1","2","USB DATA /24V REQUIRED","GCT","USB4105-GF-A","Connector_USB:USB_C_Receptacle_GCT_USB4105-xx-A_16P_TopMnt_Horizontal","https://gct.co/files/drawings/usb4105.pdf","Drawing B4 2023-12-18 visually checked; relevant lands/body match native and B3","USB data only,24V external power required; connector high-power headline does not rate this board","https://gct.co/files/drawings/usb4105.pdf","QUOTE ONLY - exact source/quantity/process not confirmed"
"17","R30, R31","2","4","5.1k","Yageo","RC0603FR-075K1L","Resistor_SMD:R_0603_1608Metric","https://www.yageogroup.com/component-documentation/download/specsheet/RC0603FR-075K1L","Exact manufacturer specsheet; dynamically generated2026, access2026-09-06","0.1W0603 or0.125W0805 at70C; exact value/code checked; assembler must confirm available quantity","https://www.yageogroup.com/component-documentation/download/specsheet/RC0603FR-075K1L","QUOTE ONLY - exact source/quantity/process not confirmed"
"18","R32, R33","2","4","0","Yageo","RC0603JR-070RL","Resistor_SMD:R_0603_1608Metric","https://www.yageogroup.com/component-documentation/download/specsheet/RC0603JR-070RL","Exact manufacturer specsheet; dynamically generated2026, access2026-09-06","0.1W0603 or0.125W0805 at70C; exact value/code checked; assembler must confirm available quantity","https://www.yageogroup.com/component-documentation/download/specsheet/RC0603JR-070RL","QUOTE ONLY - exact source/quantity/process not confirmed"
"19","U15","1","2","ESDS302","Texas Instruments","ESDS302DBVR","Package_TO_SOT_SMD:SOT-23-5","https://www.ti.com/lit/ds/symlink/esds302.pdf","Primary exact IO and NC package map; USB correction review; accessed2026-09-06","Ground-only dataTVS; pins1/3 NC; no rail clamp feed.","https://www.ti.com/lit/ds/symlink/esds302.pdf","QUOTE ONLY - exact source/quantity/process not confirmed"
"20","D30","1","2","TPD1E10B06DYAR","Texas Instruments","TPD1E10B06DYAR","Diode_SMD:D_SOD-523","https://www.ti.com/lit/ds/symlink/tpd1e10b06.pdf","SLLSEB1G August2024","DYA SOD523 bidirectional 5.5V working limit; dedicated USB VBUS ESD","https://www.ti.com/lit/ds/symlink/tpd1e10b06.pdf","QUOTE ONLY - exact source/quantity/process not confirmed"
"21","Q30","1","2","MMBT3904","Diodes Incorporated","MMBT3904-7-F","Package_TO_SOT_SMD:SOT-23","https://www.diodes.com/datasheet/download/MMBT3904.pdf","Primary transistor pinout and voltage ratings reviewed","SOT23 B1/E2/C3; USB sense only, no host power to logic supply","https://www.diodes.com/datasheet/download/MMBT3904.pdf","QUOTE ONLY - exact source/quantity/process not confirmed"
"22","U2, U3","2","4","PCA9685PW,118","NXP","PCA9685PW,118","Package_SO:TSSOP-28_4.4x9.7mm_P0.65mm","https://www.nxp.com/docs/en/data-sheet/PCA9685.pdf","Rev4 2015-04-16; pin map and Tables7/12 reviewed","3.3V TSSOP28; open-drain output with switchable bias; firmware duty polarity must follow external-transistor mode","https://www.nxp.com/docs/en/data-sheet/PCA9685.pdf","QUOTE ONLY - exact source/quantity/process not confirmed"
"23","J2, J3, J4, J7","4","8","ZONE 1 / ZONE 2 / ZONE 3 / ZONE 4 / ZONE 5 / ZONE 6 / ZONE 7","JST","SM04B-GHS-TB(LF)(SN)","Connector_JST:JST_GH_SM04B-GHS-TB_1x04-1MP_P1.25mm_Horizontal","https://www.jst-mfg.com/product/pdf/eng/eGH.pdf","Undated GH catalog p2/3; mechanical drawing visually reviewed","Zone commons subject to total current; exact housing/crimp/wire and mating orientation required","https://www.jst-mfg.com/product/pdf/eng/eGH.pdf","QUOTE ONLY - exact source/quantity/process not confirmed"
"24","Q101, Q102, Q103, Q104, Q105, Q106, Q107, Q108, Q109, Q110, Q111, Q112, Q113, Q114, Q115, Q116, Q117, Q118, Q119, Q120, Q121","21","42","AO3422","Alpha & Omega Semiconductor","AO3422","Package_TO_SOT_SMD:SOT-23","https://www.aosmd.com/res/data_sheets/AO3422.pdf","Rev.2.1, March 2024","55V VDS;0.200ohm max at2.5Vgate25C; hot operating and short-circuit limits require verification","https://www.aosmd.com/res/data_sheets/AO3422.pdf","QUOTE ONLY - exact source/quantity/process not confirmed"
"25","R101, R102, R103, R104, R105, R106, R107, R108, R109, R110, R111, R112, R113, R114, R115, R116, R117, R118, R119, R120, R121","21","42","220","Yageo","RC0603FR-07220RL","Resistor_SMD:R_0603_1608Metric","https://www.yageogroup.com/component-documentation/download/specsheet/RC0603FR-07220RL","Exact manufacturer specsheet; dynamically generated2026, access2026-09-06","0.1W0603 or0.125W0805 at70C; exact value/code checked; assembler must confirm available quantity","https://www.yageogroup.com/component-documentation/download/specsheet/RC0603FR-07220RL","QUOTE ONLY - exact source/quantity/process not confirmed"
"26","J5","1","2","ZONE 1 / ZONE 2 / ZONE 3 / ZONE 4 / ZONE 5 / ZONE 6 / ZONE 7","JST","SM04B-GHS-TB(LF)(SN)","ELF:Enclosure_J5","https://www.jst-mfg.com/product/pdf/eng/eGH.pdf","Undated GH catalog p2/3; mechanical drawing visually reviewed","Zone commons subject to total current; exact housing/crimp/wire and mating orientation required","https://www.jst-mfg.com/product/pdf/eng/eGH.pdf","QUOTE ONLY - exact source/quantity/process not confirmed"
"27","J6","1","2","ZONE 1 / ZONE 2 / ZONE 3 / ZONE 4 / ZONE 5 / ZONE 6 / ZONE 7","JST","SM04B-GHS-TB(LF)(SN)","ELF:Enclosure_J6","https://www.jst-mfg.com/product/pdf/eng/eGH.pdf","Undated GH catalog p2/3; mechanical drawing visually reviewed","Zone commons subject to total current; exact housing/crimp/wire and mating orientation required","https://www.jst-mfg.com/product/pdf/eng/eGH.pdf","QUOTE ONLY - exact source/quantity/process not confirmed"
"28","J8","1","2","ZONE 7","JST","BM04B-GHS-TBT(LF)(SN)","Connector_JST:JST_GH_BM04B-GHS-TBT_1x04-1MP_P1.25mm_Vertical","https://www.jst-mfg.com/product/pdf/eng/eGH.pdf","Public manufacturer data reviewed 2026-09-06; exact stock/quotation unconfirmed","JST GH vertical SMD. Public GH catalogue p2 land pattern. 1.25 mm pitch; preserve contact numbering when making harness.","https://www.jst-mfg.com/product/pdf/eng/eGH.pdf","QUOTE ONLY - exact source/quantity/process not confirmed"
"29","U17","1","2","TMUXHS221F","Texas Instruments","TMUXHS221FRSWR","ELF:TI_RSW0010A_UQFN10_1p4x1p8_TMUXHS221F","https://www.ti.com/lit/ds/symlink/tmuxhs221f.pdf","Primary RSW0010A drawing and USB correction review; accessed2026-09-06","Host-VBUS interface supply only; default data parking; exact custom land pattern.","https://www.ti.com/lit/ds/symlink/tmuxhs221f.pdf","QUOTE ONLY - exact source/quantity/process not confirmed"
"30","R37, R38, R42","3","6","1k","Yageo","RC0603FR-071KL","Resistor_SMD:R_0603_1608Metric","https://www.yageogroup.com/component-documentation/download/specsheet/RC0603FR-071KL","Exact primary order-code specification; generated 2026-09-06; 1%, 0.1W at70C, 0603; accessed2026-09-06","1%0603 resistor; assembler must confirm sourcing.","https://www.yageogroup.com/component-documentation/download/specsheet/RC0603FR-071KL","QUOTE ONLY - exact source/quantity/process not confirmed"
"31","R39","1","2","33k","Yageo","RC0603FR-0733KL","Resistor_SMD:R_0603_1608Metric","https://www.yageogroup.com/component-documentation/download/specsheet/RC0603FR-0733KL","Exact primary order-code specification; generated 2026-09-06; 1%, 0.1W at70C, 0603; accessed2026-09-06","1%0603 resistor; assembler must confirm sourcing.","https://www.yageogroup.com/component-documentation/download/specsheet/RC0603FR-0733KL","QUOTE ONLY - exact source/quantity/process not confirmed"
"32","U18","1","2","TPS3808G33","Texas Instruments","TPS3808G33DBVR","ELF:SOT-23-6_FabPin1","https://www.ti.com/lit/ds/symlink/tps3808.pdf","SBVS050N August2026; section6 and DBV pinmap; accessed2026-09-06","3.07V supervisor; qualified reset timing and protected first-hardware checks remain.","https://www.ti.com/lit/ds/symlink/tps3808.pdf","QUOTE ONLY - exact source/quantity/process not confirmed"
"33","U19","1","2","SN74LVC1G97 AND Schmitt","Texas Instruments","SN74LVC1G97DBVR","Package_TO_SOT_SMD:SOT-23-6","https://www.ti.com/lit/ds/symlink/sn74lvc1g97.pdf","SCES416N January2017; Schmitt AND configuration; DBV pinmap; accessed2026-09-06","Pin1=GND IN1, pin3=IN0; avoids slow-RC standard-CMOS input violation.","https://www.ti.com/lit/ds/symlink/sn74lvc1g97.pdf","QUOTE ONLY - exact source/quantity/process not confirmed"
"34","U20","1","2","TMP112AIDRLR","Texas Instruments","TMP112AIDRLR","Package_TO_SOT_SMD:SOT-563","https://www.ti.com/lit/ds/symlink/tmp112.pdf","Public manufacturer data reviewed 2026-09-06; exact stock/quotation unconfirmed","TMP112AIDRLR SOT-563, DRL pin map. 3.3 V I2C at 0x48; ADD0 to GND, unused ALERT explicitly NC. Local PCB temperature only; no extra I2C pullups.","https://www.ti.com/lit/ds/symlink/tmp112.pdf","QUOTE ONLY - exact source/quantity/process not confirmed"
"35","U12","1","2","24V input eFuse / 4.5A nominal","Texas Instruments","TPS26630RGER","Package_DFN_QFN:Texas_RGE0024H_VQFN-24-1EP_4x4mm_P0.5mm_EP2.7x2.7mm_ThermalVias","https://www.ti.com/lit/ds/symlink/tps2663.pdf","SLVSE94G, June 2024","","https://www.ti.com/lit/ds/symlink/tps2663.pdf","QUOTE ONLY - exact source/quantity/process not confirmed"
"36","Q500","1","2","100V reverse blocking MOSFET","Texas Instruments","CSD19537Q3","Package_SON:VSON-8_3.3x3.3mm_P0.65mm_NexFET","https://www.ti.com/lit/ds/symlink/csd19537q3.pdf","SLPS549B, November 2022; package addendum 2025-11-09","","https://www.ti.com/lit/ds/symlink/csd19537q3.pdf","QUOTE ONLY - exact source/quantity/process not confirmed"
"37","Q501","1","2","fast reverse gate pull-down","Nexperia","2N7002BK,215","Package_TO_SOT_SMD:SOT-23","https://assets.nexperia.com/documents/data-sheet/2N7002BK.pdf","2024-10-17","","https://assets.nexperia.com/documents/data-sheet/2N7002BK.pdf","QUOTE ONLY - exact source/quantity/process not confirmed"
"38","D500","1","2","SMBJ33CA 33V bidirectional TVS","Littelfuse","SMBJ33CA","Diode_SMD:D_SMB","https://www.littelfuse.com/~/media/electronics/datasheets/tvs_diodes/littelfuse_tvs_diode_smbj_datasheet.pdf.pdf","revision not captured","","https://www.littelfuse.com/~/media/electronics/datasheets/tvs_diodes/littelfuse_tvs_diode_smbj_datasheet.pdf.pdf","QUOTE ONLY - exact source/quantity/process not confirmed"
"39","F1","1","2","6.3A backup fuse","Littelfuse","045106.3MRL","ELF:Enclosure_F1","https://www.littelfuse.com/assetdocs/fuse-451-and-453-datasheet?assetguid=533cd5cc-956c-4243-867f-6ab5a62f6ba1","Revised 12/01/25","","https://www.littelfuse.com/assetdocs/fuse-451-and-453-datasheet?assetguid=533cd5cc-956c-4243-867f-6ab5a62f6ba1","QUOTE ONLY - exact source/quantity/process not confirmed"
"40","F2, F3","2","4","1A motor branch fuse","Littelfuse","0451001.MRL","Fuse:Fuse_Littelfuse-NANO2-451_453","https://www.littelfuse.com/assetdocs/fuse-451-and-453-datasheet?assetguid=533cd5cc-956c-4243-867f-6ab5a62f6ba1","Revised 12/01/25","","https://www.littelfuse.com/assetdocs/fuse-451-and-453-datasheet?assetguid=533cd5cc-956c-4243-867f-6ab5a62f6ba1","QUOTE ONLY - exact source/quantity/process not confirmed"
"41","F4, F5, F6, F7, F8, F9, F10","7","14","0.75A ambient zone fuse","Littelfuse","0451.750MRL","Fuse:Fuse_Littelfuse-NANO2-451_453","https://www.littelfuse.com/assetdocs/fuse-451-and-453-datasheet?assetguid=533cd5cc-956c-4243-867f-6ab5a62f6ba1","Revised 12/01/25","","https://www.littelfuse.com/assetdocs/fuse-451-and-453-datasheet?assetguid=533cd5cc-956c-4243-867f-6ab5a62f6ba1","QUOTE ONLY - exact source/quantity/process not confirmed"
"42","F11","1","2","0.5A logic branch fuse","Littelfuse","0451.500MRL","Fuse:Fuse_Littelfuse-NANO2-451_453","https://www.littelfuse.com/assetdocs/fuse-451-and-453-datasheet?assetguid=533cd5cc-956c-4243-867f-6ab5a62f6ba1","Revised 12/01/25","","https://www.littelfuse.com/assetdocs/fuse-451-and-453-datasheet?assetguid=533cd5cc-956c-4243-867f-6ab5a62f6ba1","QUOTE ONLY - exact source/quantity/process not confirmed"
"43","R500","1","2","4.02k","Yageo","RC0603FR-074K02L","Resistor_SMD:R_0603_1608Metric","https://www.yageogroup.com/component-documentation/download/specsheet/RC0603FR-0710KL","RC0603 family reference; exact value/code reviewed separately; exact manufacturer sheet not retrieved","0.1W0603 or0.125W0805 at70C; exact value/code checked; assembler must confirm available quantity","https://www.yageogroup.com/component-documentation/download/specsheet/RC0603FR-0710KL","QUOTE ONLY - exact source/quantity/process not confirmed"
"44","R501","1","2","140k","Yageo","RC0603FR-07140KL","Resistor_SMD:R_0603_1608Metric","https://www.yageogroup.com/component-documentation/download/specsheet/RC0603FR-07140KL","Exact manufacturer specsheet; dynamically generated2026, access2026-09-06","0.1W0603 or0.125W0805 at70C; exact value/code checked; assembler must confirm available quantity","https://www.yageogroup.com/component-documentation/download/specsheet/RC0603FR-07140KL","QUOTE ONLY - exact source/quantity/process not confirmed"
"45","R503, R517","2","4","210k","Yageo","RC0603FR-07210KL","Resistor_SMD:R_0603_1608Metric","https://www.yageogroup.com/component-documentation/download/specsheet/RC0603FR-0710KL","RC0603 family reference; exact value/code reviewed separately; exact manufacturer sheet not retrieved","0.1W0603 or0.125W0805 at70C; exact value/code checked; assembler must confirm available quantity","https://www.yageogroup.com/component-documentation/download/specsheet/RC0603FR-0710KL","QUOTE ONLY - exact source/quantity/process not confirmed"
"46","R505","1","2","165k","Yageo","RC0603FR-07165KL","Resistor_SMD:R_0603_1608Metric","https://www.yageogroup.com/component-documentation/download/specsheet/RC0603FR-0710KL","RC0603 family reference; exact value/code reviewed separately; exact manufacturer sheet not retrieved","0.1W0603 or0.125W0805 at70C; exact value/code checked; assembler must confirm available quantity","https://www.yageogroup.com/component-documentation/download/specsheet/RC0603FR-0710KL","QUOTE ONLY - exact source/quantity/process not confirmed"
"47","C501","1","2","1uF 100V X7R","TDK","C3216X7R2A105K160AA","Capacitor_SMD:C_1206_3216Metric","https://product.tdk.com/en/search/capacitor/ceramic/mlcc/info?part_no=C3216X7R2A105K160AA","undated product page; source and stock dates distinguished","","https://product.tdk.com/en/search/capacitor/ceramic/mlcc/info?part_no=C3216X7R2A105K160AA","QUOTE ONLY - exact source/quantity/process not confirmed"
"48","C504","1","2","1000uF 50V low ESR","Cornell Dubilier / Knowles","AFK108M50P44T-F","ELF:CP_CDE_AFK_CaseP_D16_H17_Provisional","https://www.cde.com/resources/catalogs/AFK.pdf","undated product page; source and stock dates distinguished","1000uF50V caseP; factory controlled final installation after normal two-sided reflows; no stencil paste; provisional lands need approval;230C peak5s, >=200C20s, one reflow limit; confirm assembler process; Assembler process acknowledgement required","https://www.cde.com/resources/catalogs/AFK.pdf","QUOTE ONLY - exact source/quantity/process not confirmed"
"49","U10","1","2","24V to 5V 1A buck","Texas Instruments","LMR36510ADDAR","ELF:TI_DDA0008B_EP2.71x3.4_ThermalVias_125um","https://www.ti.com/lit/ds/symlink/lmr36510.pdf","LMR36510 Rev B; DDA0008B drawing 4214849/B, September 2025, PDF pp.37-39 visually inspected","0.125mm stencil basis; EP mask/paste 2.71x3.40mm, copper 2.95x4.90mm. Four thermal holes under paste require declared factory via treatment; no silent stencil-thickness change.","https://www.ti.com/lit/ds/symlink/lmr36510.pdf","QUOTE ONLY - exact source/quantity/process not confirmed"
"50","L500","1","2","22uH 2.5A RMS 5.5A sat","Bourns","SRP7050TA-220M","ELF:L_Bourns_SRP7050TA","https://www.bourns.com/docs/Product-Datasheets/SRP7050TA.pdf","REV.06/26, visually confirmed by mechanical reviewer","","https://www.bourns.com/docs/Product-Datasheets/SRP7050TA.pdf","QUOTE ONLY - exact source/quantity/process not confirmed"
"51","C506, C519, C520, C521, C522, C523, C524","7","14","10uF 50V X7R","Murata","GRM32ER71H106KA12L","Capacitor_SMD:C_1210_3225Metric","https://search.murata.co.jp/Ceramy/image/img/A01X/G101/ENG/GRM32ER71H106KA12-04A.pdf","-04A","Nominal voltage/package checked; exact DC-bias effective capacitance and temperature/tolerance still required","https://search.murata.co.jp/Ceramy/image/img/A01X/G101/ENG/GRM32ER71H106KA12-04A.pdf","QUOTE ONLY - exact source/quantity/process not confirmed"
"52","C507","1","2","220nF 50V X7R","TDK","C2012X7R1H224K125AA","Capacitor_SMD:C_0805_2012Metric","https://product.tdk.com/en/search/capacitor/ceramic/mlcc/info?part_no=C2012X7R1H224K125AA","undated product page; source and stock dates distinguished","","https://product.tdk.com/en/search/capacitor/ceramic/mlcc/info?part_no=C2012X7R1H224K125AA","QUOTE ONLY - exact source/quantity/process not confirmed"
"53","R511","1","2","24.9k","Yageo","RC0603FR-0724K9L","Resistor_SMD:R_0603_1608Metric","https://www.yageogroup.com/component-documentation/download/specsheet/RC0603FR-0724K9L","Exact manufacturer specsheet; dynamically generated2026, access2026-09-06","0.1W0603 or0.125W0805 at70C; exact value/code checked; assembler must confirm available quantity","https://www.yageogroup.com/component-documentation/download/specsheet/RC0603FR-0724K9L","QUOTE ONLY - exact source/quantity/process not confirmed"
"54","U11","1","2","5V to 3.3V 1A fixed buck","Texas Instruments","TPS62162DSGR","Package_SON:Texas_DSG0008A_WSON-8-1EP_2x2mm_P0.5mm_EP0.9x1.6mm_ThermalVias","https://www.ti.com/lit/ds/symlink/tps62160.pdf","SLVSAM2E, May 2017","","https://www.ti.com/lit/ds/symlink/tps62160.pdf","QUOTE ONLY - exact source/quantity/process not confirmed"
"55","L501","1","2","2.2uH 2.9A RMS 3A sat","Bourns","SRN4018-2R2M","Inductor_SMD:L_Bourns-SRN4018","https://www.bourns.com/docs/product-datasheets/srn4018.pdf","revision date not captured","","https://www.bourns.com/docs/product-datasheets/srn4018.pdf","QUOTE ONLY - exact source/quantity/process not confirmed"
"56","U13","1","2","switched ambient gate bias","Texas Instruments","TPS22919DCKR","Package_TO_SOT_SMD:SOT-363_SC-70-6","https://www.ti.com/lit/ds/symlink/tps22919.pdf","SLVSEN5B, May 2019","","https://www.ti.com/lit/ds/symlink/tps22919.pdf","QUOTE ONLY - exact source/quantity/process not confirmed"
"57","R514","1","2","4.7k","Yageo","RC0603FR-074K7L","Resistor_SMD:R_0603_1608Metric","https://yageogroup.com/component-documentation/download/specsheet/RC0603FR-074K7L","Exact primary order-code specification verified by parent reviewer; generated 2026-09-05; 4.7k 1%, 0.1W at70C, 0603, +/-100ppm/C; accessed2026-09-06","1%0603 resistor; assembler must confirm sourcing.","https://yageogroup.com/component-documentation/download/specsheet/RC0603FR-074K7L","QUOTE ONLY - exact source/quantity/process not confirmed"
"58","U14","1","2","spot branch gated eFuse 0.494A nominal","Texas Instruments","TPS26600PWPR","ELF:TI_PWP0016A_EP3.3x3.3_6ThermalVias_125um","https://www.ti.com/lit/ds/symlink/tps2660.pdf","SLVSDG2G, December 2019","","https://www.ti.com/lit/ds/symlink/tps2660.pdf","QUOTE ONLY - exact source/quantity/process not confirmed"
"59","R515","1","2","24.3k","Yageo","RC0603FR-0724K3L","Resistor_SMD:R_0603_1608Metric","https://www.yageogroup.com/component-documentation/download/specsheet/RC0603FR-0710KL","RC0603 family reference; exact value/code reviewed separately; exact manufacturer sheet not retrieved","0.1W0603 or0.125W0805 at70C; exact value/code checked; assembler must confirm available quantity","https://www.yageogroup.com/component-documentation/download/specsheet/RC0603FR-0710KL","QUOTE ONLY - exact source/quantity/process not confirmed"
"60","R516","1","2","402k","Yageo","RC0603FR-07402KL","Resistor_SMD:R_0603_1608Metric","https://www.yageogroup.com/component-documentation/download/specsheet/RC0603FR-0710KL","RC0603 family reference; exact value/code reviewed separately; exact manufacturer sheet not retrieved","0.1W0603 or0.125W0805 at70C; exact value/code checked; assembler must confirm available quantity","https://www.yageogroup.com/component-documentation/download/specsheet/RC0603FR-0710KL","QUOTE ONLY - exact source/quantity/process not confirmed"
"61","R521","1","2","47k","Yageo","RC0603FR-0747KL","Resistor_SMD:R_0603_1608Metric","https://www.yageogroup.com/component-documentation/download/specsheet/RC0603FR-0747KL","Exact manufacturer specsheet; dynamically generated2026, access2026-09-06","0.1W0603 or0.125W0805 at70C; exact value/code checked; assembler must confirm available quantity","https://www.yageogroup.com/component-documentation/download/specsheet/RC0603FR-0747KL","QUOTE ONLY - exact source/quantity/process not confirmed"
"62","C516","1","2","47nF 50V X7R","TDK","C1608X7R1H473K080AA","Capacitor_SMD:C_0603_1608Metric","https://product.tdk.com/en/search/capacitor/ceramic/mlcc/info?part_no=C1608X7R1H473K080AA","undated product page; source and stock dates distinguished","","https://product.tdk.com/en/search/capacitor/ceramic/mlcc/info?part_no=C1608X7R1H473K080AA","QUOTE ONLY - exact source/quantity/process not confirmed"
"63","D501, D502, D503, D504","4","8","60V output negative transient Schottky / 60V 1A flyback Schottky","Diodes Incorporated","B160-13-F","Diode_SMD:D_SMA","https://www.diodes.com/datasheet/download/B130.pdf","DS13002 Rev.20-2, April 2023","","https://www.diodes.com/datasheet/download/B130.pdf","QUOTE ONLY - exact source/quantity/process not confirmed"
"64","U7, U8, U9","3","6","333mA spotlight CC driver","Diodes Incorporated","AL8860WT-7","Package_TO_SOT_SMD:TSOT-23-5","https://www.diodes.com/datasheet/download/AL8860.pdf","DS39014 Rev.8-2, April 2026","TSOT25 exactWT code;0.300ohm333mA nominal;220uH; local TVS/cutoff included; actual emitter and thermal limits pending","https://www.diodes.com/datasheet/download/AL8860.pdf","QUOTE ONLY - exact source/quantity/process not confirmed"
"65","R523, R524, R525","3","6","0.300ohm 1% 0.125W","Panasonic","ERJ-6RQFR30V","Resistor_SMD:R_0805_2012Metric","https://industrial.panasonic.com/ww/products/pt/current-sensing-chip-resistors/models/ERJ6RQFR30V","undated product page","","https://industrial.panasonic.com/ww/products/pt/current-sensing-chip-resistors/models/ERJ6RQFR30V","QUOTE ONLY - exact source/quantity/process not confirmed"
"66","L502, L503, L504","3","6","220uH +/-20%, .6A RMS .7A saturation","Bourns","SRN6045-221M","ELF:L_Bourns_SRN6045","https://www.bourns.com/docs/Product-Datasheets/SRN6045.pdf","01/20","220uH,0.6A RMS,0.7A saturation at30%drop,1.18ohm max;250C maxreflow; hot ripple/thermal test pending","https://www.bourns.com/docs/Product-Datasheets/SRN6045.pdf","QUOTE ONLY - exact source/quantity/process not confirmed"
"67","D505","1","2","60V 5A output negative transient Schottky","Diodes Incorporated","B560C-13-F","Diode_SMD:D_SMC","https://www.diodes.com/datasheet/download/B520C.pdf","DS13012 Rev.18-2, March2023","","https://www.diodes.com/datasheet/download/B520C.pdf","QUOTE ONLY - exact source/quantity/process not confirmed"
"68","U500, U501","2","4","27V flat-clamp transient protector","Texas Instruments","TVS2700DRVR","Package_SON:WSON-6-1EP_2x2mm_P0.65mm_EP1x1.6mm_ThermalVias","https://www.ti.com/lit/ds/symlink/tvs2700.pdf","SLVSED6A March2018; package addendum10-Nov-2025; tape data30-Apr-2026","27V standoff; specified pulse-clamp35Vmax;12mA DC breakdown absolute limit; not continuous regeneration brake","https://www.ti.com/product/TVS2700/part-details/TVS2700DRVR","QUOTE ONLY - exact source/quantity/process not confirmed"
"69","J1","1","2","24V INPUT","Phoenix Contact","1771091","ELF:Enclosure_J1","https://www.phoenixcontact.com/en-us/products/printed-circuit-board-terminal-ptsm-05-2-25-v-smd-r44-1771091","Public manufacturer data reviewed 2026-09-06; exact stock/quotation unconfirmed","Phoenix 1771091: upward SMD spring terminal; 6 A IEC rating, 0.5 mm2 / AWG20 PSU leads recommended, 6 mm strip; harness strain relief required. Exact availability and solder process require factory confirmation.","https://www.phoenixcontact.com/en-us/products/printed-circuit-board-terminal-ptsm-05-2-25-v-smd-r44-1771091","QUOTE ONLY - exact source/quantity/process not confirmed"
"70","J16","1","2","24V INPUT / BRAKE / BUS","Molex","2053380002","ELF:Enclosure_J16","https://www.molex.com/content/dam/molex/molex-dot-com/products/automated/en-us/productspecificationpdf/205/205341/2053410000-PS-000.pdf","2053410000-PS C1 2023-09-15; drawing revB visually reviewed","2-circuit input/brake;6.5A at20AWG fully loaded under specified rise; thermal/harness limits apply","https://www.molex.com/content/dam/molex/molex-dot-com/products/automated/en-us/productspecificationpdf/205/205341/2053410000-PS-000.pdf","QUOTE ONLY - exact source/quantity/process not confirmed"
"71","J12, J13","2","4","MOTOR 1","JST","BM04B-PASS-TFT(LF)(SN)","ELF:JST_PA_BM04B_PASS_TFT_1x04_P2mm_Vertical","https://www.jst-mfg.com/product/pdf/eng/ePA-F.pdf","Public manufacturer data reviewed 2026-09-06; exact stock/quotation unconfirmed","JST PA vertical SMD, no boss, TFT pickup packaging. Public PA drawing pp4/11; custom land geometry reviewed. 3 A with AWG22 rating; initial motor supply envelope 0.75 A each. Confirm mating housing/crimps and contact-1 orientation.","https://www.jst-mfg.com/product/pdf/eng/ePA-F.pdf","QUOTE ONLY - exact source/quantity/process not confirmed"
"72","J9","1","2","SPOT 1","JST","BM02B-GHS-TBT(LF)(SN)","ELF:Enclosure_J9","https://www.jst-mfg.com/product/pdf/eng/eGH.pdf","Public manufacturer data reviewed 2026-09-06; exact stock/quotation unconfirmed","JST GH vertical SMD 2-contact spotlight output. Contact 1 LED+, contact 2 LED- (isolated return, not GND).","https://www.jst-mfg.com/product/pdf/eng/eGH.pdf","QUOTE ONLY - exact source/quantity/process not confirmed"
"73","J10","1","2","SPOT 1","JST","BM02B-GHS-TBT(LF)(SN)","ELF:Enclosure_J10","https://www.jst-mfg.com/product/pdf/eng/eGH.pdf","Public manufacturer data reviewed 2026-09-06; exact stock/quotation unconfirmed","JST GH vertical SMD 2-contact spotlight output. Contact 1 LED+, contact 2 LED- (isolated return, not GND).","https://www.jst-mfg.com/product/pdf/eng/eGH.pdf","QUOTE ONLY - exact source/quantity/process not confirmed"
"74","J11","1","2","SPOT 1","JST","BM02B-GHS-TBT(LF)(SN)","Connector_JST:JST_GH_BM02B-GHS-TBT_1x02-1MP_P1.25mm_Vertical","https://www.jst-mfg.com/product/pdf/eng/eGH.pdf","Public manufacturer data reviewed 2026-09-06; exact stock/quotation unconfirmed","JST GH vertical SMD 2-contact spotlight output. Contact 1 LED+, contact 2 LED- (isolated return, not GND).","https://www.jst-mfg.com/product/pdf/eng/eGH.pdf","QUOTE ONLY - exact source/quantity/process not confirmed"
