"Ref","Val","Package","PosX","PosY","Rot","Side"
"C1","1u","C_0603_1608Metric","100.000000","-73.000000","-90.000000","bottom"
"C3","22uF 25V X7R","C_1210_3225Metric","89.000000","-66.800000","180.000000","bottom"
"C20","100n","C_0603_1608Metric","94.600000","-124.550000","-90.000000","bottom"
"C31","100n","C_0603_1608Metric","105.000000","-125.600000","90.000000","bottom"
"C44","100n","C_0603_1608Metric","102.000000","-67.500000","0.000000","bottom"
"C45","100n","C_0603_1608Metric","97.750000","-67.500000","0.000000","bottom"
"C46","100n","C_0603_1608Metric","117.250000","-75.500000","0.000000","bottom"
"C500","100nF 100V X7R","C_0603_1608Metric","81.250000","-126.250000","180.000000","bottom"
"C501","1uF 100V X7R","C_1206_3216Metric","88.250000","-115.000000","-90.000000","bottom"
"C502","100nF 100V X7R","C_0603_1608Metric","84.700000","-117.700000","90.000000","bottom"
"C503","100nF 100V X7R","C_0603_1608Metric","76.600000","-116.750000","180.000000","bottom"
"C504","1000uF 50V low ESR","CP_CDE_AFK_CaseP_D16_H17_Provisional","100.000000","-114.000000","0.000000","bottom"
"C505","100nF 100V X7R","C_0603_1608Metric","82.200000","-112.100000","90.000000","bottom"
"C506","10uF 50V X7R","C_1210_3225Metric","88.900000","-97.300000","-90.000000","bottom"
"C507","220nF 50V X7R","C_0805_2012Metric","91.900000","-97.300000","-90.000000","bottom"
"C508","1uF 25V X7R","C_0603_1608Metric","102.400000","-94.600000","0.000000","bottom"
"C509","100nF 100V X7R","C_0603_1608Metric","102.100000","-97.300000","-90.000000","bottom"
"C510","22uF 25V X7R","C_1210_3225Metric","107.000000","-92.000000","0.000000","bottom"
"C511","22uF 25V X7R","C_1210_3225Metric","107.000000","-88.200000","0.000000","bottom"
"C512","22uF 25V X7R","C_1210_3225Metric","112.300000","-89.400000","0.000000","bottom"
"C513","22uF 25V X7R","C_1210_3225Metric","117.400000","-82.000000","0.000000","bottom"
"C516","47nF 50V X7R","C_0603_1608Metric","119.000000","-107.250000","-90.000000","bottom"
"C517","100nF 100V X7R","C_0603_1608Metric","116.500000","-96.550000","180.000000","bottom"
"C518","100nF 100V X7R","C_0603_1608Metric","116.500000","-106.450000","180.000000","bottom"
"C519","10uF 50V X7R","C_1210_3225Metric","79.500000","-80.750000","90.000000","bottom"
"C520","10uF 50V X7R","C_1210_3225Metric","75.600000","-80.750000","90.000000","bottom"
"C521","10uF 50V X7R","C_1210_3225Metric","104.750000","-84.000000","0.000000","bottom"
"C522","10uF 50V X7R","C_1210_3225Metric","104.750000","-80.100000","0.000000","bottom"
"C523","10uF 50V X7R","C_1210_3225Metric","76.500000","-104.250000","-90.000000","bottom"
"C524","10uF 50V X7R","C_1210_3225Metric","80.400000","-104.250000","-90.000000","bottom"
"D500","SMBJ33CA 33V bidirectional TVS","D_SMB","83.750000","-122.500000","0.000000","bottom"
"D501","60V output negative transient Schottky","D_SMA","112.900000","-106.300000","-90.000000","bottom"
"D502","60V 1A flyback Schottky","D_SMA","83.250000","-85.500000","-90.000000","bottom"
"D503","60V 1A flyback Schottky","D_SMA","100.000000","-87.750000","180.000000","bottom"
"D504","60V 1A flyback Schottky","D_SMA","72.750000","-99.500000","90.000000","bottom"
"D505","60V 5A output negative transient Schottky","D_SMC","71.000000","-113.500000","-90.000000","bottom"
"F11","0.5A logic branch fuse","Fuse_Littelfuse-NANO2-451_453","90.000000","-82.000000","180.000000","bottom"
"J8","ZONE 7","JST_GH_BM04B-GHS-TBT_1x04-1MP_P1.25mm_Vertical","134.400000","-100.600000","90.000000","bottom"
"J9","SPOTLIGHT 3 PAIRS","JST_GH_BM06B-GHS-TBT_1x06-1MP_P1.25mm_Vertical","127.000000","-116.000000","180.000000","bottom"
"J12","MOTOR 1","JST_PA_BM04B_PASS_TFT_1x04_P2mm_Vertical","88.500000","-130.000000","160.000000","bottom"
"J13","MOTOR 2","JST_PA_BM04B_PASS_TFT_1x04_P2mm_Vertical","113.000000","-129.500000","-160.000000","bottom"
"L500","22uH 2.5A RMS 5.5A sat","L_Bourns_SRP7050TA","108.700000","-98.000000","0.000000","bottom"
"L501","2.2uH 2.9A RMS 3A sat","L_Bourns-SRN4018","112.300000","-81.600000","90.000000","bottom"
"L502","220uH +/-20%, .6A RMS .7A saturation","L_Bourns_SRN6045","83.250000","-92.900000","90.000000","bottom"
"L503","220uH +/-20%, .6A RMS .7A saturation","L_Bourns_SRN6045","92.600000","-87.750000","0.000000","bottom"
"L504","220uH +/-20%, .6A RMS .7A saturation","L_Bourns_SRN6045","72.750000","-92.100000","-90.000000","bottom"
"Q500","100V reverse blocking MOSFET","VSON-8_3.3x3.3mm_P0.65mm_NexFET","91.250000","-125.000000","0.000000","bottom"
"R3","10k","R_0603_1608Metric","91.250000","-73.000000","90.000000","bottom"
"R10","100k","R_0603_1608Metric","95.000000","-76.750000","180.000000","bottom"
"R37","1k","R_0603_1608Metric","102.200000","-126.300000","90.000000","bottom"
"R39","33k","R_0603_1608Metric","107.300000","-123.900000","180.000000","bottom"
"R40","10k","R_0603_1608Metric","108.500000","-125.400000","180.000000","bottom"
"R42","1k","R_0603_1608Metric","105.000000","-70.000000","90.000000","bottom"
"R201","100k","R_0603_1608Metric","89.000000","-93.000000","180.000000","bottom"
"R202","100k","R_0603_1608Metric","86.500000","-87.000000","-90.000000","bottom"
"R204","100k","R_0603_1608Metric","83.500000","-98.500000","-90.000000","bottom"
"R205","100k","R_0603_1608Metric","83.500000","-102.500000","-90.000000","bottom"
"R207","100k","R_0603_1608Metric","90.500000","-103.000000","-90.000000","bottom"
"R208","100k","R_0603_1608Metric","73.500000","-105.500000","-90.000000","bottom"
"R209","100k","R_0603_1608Metric","70.500000","-107.000000","180.000000","bottom"
"R210","100k","R_0603_1608Metric","88.500000","-111.000000","-90.000000","bottom"
"R211","100k","R_0603_1608Metric","88.000000","-119.000000","0.000000","bottom"
"R213","100k","R_0603_1608Metric","113.000000","-111.500000","180.000000","bottom"
"R214","100k","R_0603_1608Metric","118.000000","-112.500000","180.000000","bottom"
"R215","100k","R_0603_1608Metric","119.500000","-118.000000","180.000000","bottom"
"R216","100k","R_0603_1608Metric","109.000000","-103.500000","180.000000","bottom"
"R217","100k","R_0603_1608Metric","125.000000","-106.500000","-90.000000","bottom"
"R218","100k","R_0603_1608Metric","125.500000","-110.500000","180.000000","bottom"
"R219","100k","R_0603_1608Metric","116.000000","-94.000000","180.000000","bottom"
"R220","100k","R_0603_1608Metric","122.000000","-92.500000","180.000000","bottom"
"R221","100k","R_0603_1608Metric","127.000000","-101.500000","180.000000","bottom"
"R301","2.2k","R_0603_1608Metric","93.000000","-101.500000","-90.000000","bottom"
"R302","2.2k","R_0603_1608Metric","83.500000","-80.500000","180.000000","bottom"
"R303","2.2k","R_0603_1608Metric","72.500000","-82.000000","-90.000000","bottom"
"R304","2.2k","R_0603_1608Metric","96.000000","-103.000000","180.000000","bottom"
"R305","2.2k","R_0603_1608Metric","68.000000","-90.000000","-90.000000","bottom"
"R306","2.2k","R_0603_1608Metric","65.500000","-94.000000","-90.000000","bottom"
"R307","2.2k","R_0603_1608Metric","100.000000","-103.500000","180.000000","bottom"
"R308","2.2k","R_0603_1608Metric","67.500000","-106.000000","-90.000000","bottom"
"R309","2.2k","R_0603_1608Metric","66.000000","-110.500000","-90.000000","bottom"
"R310","2.2k","R_0603_1608Metric","101.000000","-101.000000","180.000000","bottom"
"R311","2.2k","R_0603_1608Metric","71.000000","-120.500000","-90.000000","bottom"
"R312","2.2k","R_0603_1608Metric","78.000000","-128.750000","0.000000","bottom"
"R313","2.2k","R_0603_1608Metric","113.000000","-114.000000","180.000000","bottom"
"R314","2.2k","R_0603_1608Metric","118.000000","-115.000000","180.000000","bottom"
"R315","2.2k","R_0603_1608Metric","119.500000","-120.500000","180.000000","bottom"
"R316","2.2k","R_0603_1608Metric","121.000000","-111.000000","-90.000000","bottom"
"R317","2.2k","R_0603_1608Metric","127.500000","-105.500000","-90.000000","bottom"
"R318","2.2k","R_0603_1608Metric","128.500000","-110.000000","-90.000000","bottom"
"R319","2.2k","R_0603_1608Metric","119.000000","-92.000000","-90.000000","bottom"
"R320","2.2k","R_0603_1608Metric","122.000000","-90.000000","180.000000","bottom"
"R321","2.2k","R_0603_1608Metric","130.000000","-102.000000","-90.000000","bottom"
"R500","4.02k","R_0603_1608Metric","76.600000","-115.000000","180.000000","bottom"
"R501","140k","R_0603_1608Metric","76.500000","-118.500000","0.000000","bottom"
"R502","10k","R_0603_1608Metric","73.500000","-119.350000","0.000000","bottom"
"R503","210k","R_0603_1608Metric","76.600000","-113.250000","0.000000","bottom"
"R504","10k","R_0603_1608Metric","76.600000","-111.500000","180.000000","bottom"
"R505","165k","R_0603_1608Metric","82.200000","-108.800000","-90.000000","bottom"
"R506","10k","R_0603_1608Metric","80.450000","-108.800000","90.000000","bottom"
"R507","10k","R_0603_1608Metric","79.600000","-112.200000","90.000000","bottom"
"R508","10k","R_0603_1608Metric","78.700000","-108.800000","90.000000","bottom"
"R509","10k","R_0603_1608Metric","76.950000","-108.800000","90.000000","bottom"
"R510","100k","R_0603_1608Metric","102.100000","-92.200000","0.000000","bottom"
"R511","24.9k","R_0603_1608Metric","98.500000","-91.600000","0.000000","bottom"
"R512","10k","R_0603_1608Metric","97.000000","-100.500000","180.000000","bottom"
"R513","10k","R_0603_1608Metric","115.500000","-86.000000","180.000000","bottom"
"R514","4.7k","R_0603_1608Metric","123.050000","-99.300000","0.000000","bottom"
"R515","24.3k","R_0603_1608Metric","120.750000","-107.250000","-90.000000","bottom"
"R516","402k","R_0603_1608Metric","122.500000","-95.750000","90.000000","bottom"
"R517","210k","R_0603_1608Metric","119.000000","-95.750000","-90.000000","bottom"
"R518","10k","R_0603_1608Metric","120.750000","-95.750000","90.000000","bottom"
"R519","10k","R_0603_1608Metric","122.500000","-107.250000","-90.000000","bottom"
"R520","10k","R_0603_1608Metric","125.000000","-103.200000","0.000000","bottom"
"R521","47k","R_0603_1608Metric","123.050000","-101.450000","0.000000","bottom"
"R523","0.300ohm 1% 0.125W","R_0805_2012Metric","74.800000","-86.000000","90.000000","bottom"
"R524","0.300ohm 1% 0.125W","R_0805_2012Metric","99.500000","-79.300000","0.000000","bottom"
"R525","0.300ohm 1% 0.125W","R_0805_2012Metric","81.200000","-99.000000","-90.000000","bottom"
"R526","910","R_0603_1608Metric","77.500000","-89.400000","-90.000000","bottom"
"R527","910","R_0603_1608Metric","96.100000","-82.000000","180.000000","bottom"
"R528","910","R_0603_1608Metric","78.500000","-95.600000","90.000000","bottom"
"U7","333mA spotlight CC driver","TSOT-23-5","78.500000","-85.500000","90.000000","bottom"
"U8","333mA spotlight CC driver","TSOT-23-5","100.000000","-83.000000","0.000000","bottom"
"U9","333mA spotlight CC driver","TSOT-23-5","77.500000","-99.500000","-90.000000","bottom"
"U10","24V to 5V 1A buck","TI_DDA0008B_EP2.71x3.4_ThermalVias_125um","97.000000","-96.000000","0.000000","bottom"
"U11","5V to 3.3V 1A fixed buck","Texas_DSG0008A_WSON-8-1EP_2x2mm_P0.5mm_EP0.9x1.6mm_ThermalVias","112.000000","-86.000000","90.000000","bottom"
"U12","24V input eFuse / 4.5A nominal","Texas_RGE0024H_VQFN-24-1EP_4x4mm_P0.5mm_EP2.7x2.7mm_ThermalVias","81.000000","-116.500000","90.000000","bottom"
"U14","spot branch gated eFuse 0.494A nominal","TI_PWP0016A_EP3.3x3.3_6ThermalVias_125um","118.500000","-101.500000","-90.000000","bottom"
"U18","TPS3808G33","SOT-23-6_FabPin1","102.000000","-70.000000","0.000000","bottom"
"U19","SN74LVC1G97 AND Schmitt","SOT-23-6","97.750000","-70.000000","0.000000","bottom"
"U20","TMP112AIDRLR","SOT-563","114.750000","-75.500000","-90.000000","bottom"
"U500","27V flat-clamp transient protector","WSON-6-1EP_2x2mm_P0.65mm_EP1x1.6mm_ThermalVias","116.500000","-108.800000","90.000000","bottom"
"U501","27V flat-clamp transient protector","WSON-6-1EP_2x2mm_P0.65mm_EP1x1.6mm_ThermalVias","84.600000","-112.100000","-90.000000","bottom"
"C2","100n","C_0603_1608Metric","88.500000","-66.500000","90.000000","top"
"C4","100n","C_0603_1608Metric","102.200000","-95.200000","-90.000000","top"
"C5","100n","C_0603_1608Metric","111.637500","-87.050000","0.000000","top"
"C21","100n","C_0603_1608Metric","99.300000","-120.000000","-90.000000","top"
"C22","1u","C_0603_1608Metric","101.000000","-110.500000","0.000000","top"
"C30","100n","C_0603_1608Metric","107.000000","-115.500000","0.000000","top"
"C40","100n","C_0603_1608Metric","100.500000","-107.500000","90.000000","top"
"C41","100n","C_0603_1608Metric","100.612500","-103.775000","0.000000","top"
"C42","1u","C_0603_1608Metric","89.500000","-105.000000","90.000000","top"
"C43","1u","C_0603_1608Metric","111.612500","-98.775000","0.000000","top"
"C514","100nF 100V X7R","C_0603_1608Metric","94.000000","-89.500000","0.000000","top"
"C515","100nF 100V X7R","C_0603_1608Metric","94.000000","-84.000000","0.000000","top"
"D30","TPD1E10B06DYAR","D_SOD-523","115.000000","-91.000000","90.000000","top"
"F1","6.3A backup fuse","Enclosure_F1","90.550000","-123.750000","90.000000","top"
"F2","1A motor branch fuse","Fuse_Littelfuse-NANO2-451_453","96.500000","-115.500000","0.000000","top"
"F3","1A motor branch fuse","Fuse_Littelfuse-NANO2-451_453","113.000000","-118.000000","0.000000","top"
"F4","0.75A ambient zone fuse","Fuse_Littelfuse-NANO2-451_453","77.000000","-79.500000","90.000000","top"
"F5","0.75A ambient zone fuse","Fuse_Littelfuse-NANO2-451_453","82.000000","-84.000000","90.000000","top"
"F6","0.75A ambient zone fuse","Fuse_Littelfuse-NANO2-451_453","90.000000","-99.500000","0.000000","top"
"F7","0.75A ambient zone fuse","Fuse_Littelfuse-NANO2-451_453","103.000000","-116.000000","90.000000","top"
"F8","0.75A ambient zone fuse","Fuse_Littelfuse-NANO2-451_453","118.500000","-91.500000","90.000000","top"
"F9","0.75A ambient zone fuse","Fuse_Littelfuse-NANO2-451_453","121.000000","-84.500000","0.000000","top"
"F10","0.75A ambient zone fuse","Fuse_Littelfuse-NANO2-451_453","123.000000","-91.000000","90.000000","top"
"J1","24V INPUT","Enclosure_J1","84.500000","-126.500000","-90.000000","top"
"J2","2005280300 / 6-ZONE FLEX","Molex_2005280300_30P_Central_LED","70.000000","-99.400000","-90.000000","top"
"J14","USB DATA /24V REQUIRED","USB_C_Receptacle_GCT_USB4105-xx-A_16P_TopMnt_Horizontal","100.000000","-134.425000","0.000000","top"
"J15","UART DEBUG","JST_SH_SM04B-SRSS-TB_1x04-1MP_P1.00mm_Horizontal","130.361310","-85.842290","115.000000","top"
"J16","BRAKE / BUS","Enclosure_J16","113.800000","-126.699999","-90.000000","top"
"J17","ARM SWITCH","Enclosure_J17","134.000000","-99.000000","-90.000000","top"
"Q30","MMBT3904","SOT-23","103.500000","-122.500000","0.000000","top"
"Q101","AO3422","SOT-23","85.045921","-93.026799","155.000000","top"
"Q102","AO3422","SOT-23","80.000000","-90.500000","90.000000","top"
"Q103","AO3422","SOT-23","77.500000","-86.000000","0.000000","top"
"Q104","AO3422","SOT-23","83.562787","-98.561928","175.000000","top"
"Q105","AO3422","SOT-23","78.083716","-98.082571","175.000000","top"
"Q106","AO3422","SOT-23","74.000000","-97.500000","0.000000","top"
"Q107","AO3422","SOT-23","84.062223","-104.270514","-165.000000","top"
"Q108","AO3422","SOT-23","78.749631","-105.694019","-165.000000","top"
"Q109","AO3422","SOT-23","74.500000","-110.500000","90.000000","top"
"Q110","AO3422","SOT-23","86.500000","-109.000000","0.000000","top"
"Q111","AO3422","SOT-23","81.000000","-112.000000","90.000000","top"
"Q112","AO3422","SOT-23","84.800000","-116.900000","180.000000","top"
"Q113","AO3422","SOT-23","113.000000","-109.500000","90.000000","top"
"Q114","AO3422","SOT-23","118.021344","-112.618682","-35.000000","top"
"Q115","AO3422","SOT-23","119.500000","-118.000000","90.000000","top"
"Q116","AO3422","SOT-23","115.937776","-104.270514","-15.000000","top"
"Q117","AO3422","SOT-23","121.250368","-105.694019","-15.000000","top"
"Q118","AO3422","SOT-23","125.500000","-110.500000","90.000000","top"
"Q119","AO3422","SOT-23","116.437212","-98.561928","5.000000","top"
"Q120","AO3422","SOT-23","121.916283","-98.082571","5.000000","top"
"Q121","AO3422","SOT-23","127.000000","-97.500000","0.000000","top"
"Q501","fast reverse gate pull-down","SOT-23","78.000000","-117.000000","90.000000","top"
"R1","10k","R_0603_1608Metric","94.000000","-92.000000","0.000000","top"
"R2","10k","R_0603_1608Metric","88.500000","-84.500000","90.000000","top"
"R4","10k","R_0603_1608Metric","88.000000","-76.500000","0.000000","top"
"R5","10k","R_0603_1608Metric","85.000000","-78.000000","90.000000","top"
"R6","10k","R_0603_1608Metric","88.000000","-74.000000","0.000000","top"
"R7","2.2k","R_0603_1608Metric","82.000000","-78.500000","0.000000","top"
"R8","2.2k","R_0603_1608Metric","82.000000","-76.000000","0.000000","top"
"R9","100k","R_0603_1608Metric","112.000000","-74.000000","0.000000","top"
"R11","100k","R_0603_1608Metric","104.500000","-96.000000","0.000000","top"
"R20","10k","R_0603_1608Metric","107.000000","-113.000000","0.000000","top"
"R21","10k","R_0603_1608Metric","109.000000","-110.500000","0.000000","top"
"R22","120","R_0805_2012Metric","95.500000","-127.500000","0.000000","top"
"R30","5.1k","R_0603_1608Metric","108.500000","-96.500000","0.000000","top"
"R31","5.1k","R_0603_1608Metric","86.000000","-86.000000","90.000000","top"
"R32","0","R_0603_1608Metric","88.000000","-79.000000","0.000000","top"
"R33","0","R_0603_1608Metric","88.000000","-81.500000","0.000000","top"
"R34","100k","R_0603_1608Metric","118.000000","-81.000000","0.000000","top"
"R35","100k","R_0603_1608Metric","122.000000","-81.000000","0.000000","top"
"R36","10k","R_0603_1608Metric","118.000000","-78.500000","0.000000","top"
"R38","1k","R_0603_1608Metric","104.200000","-128.600000","0.000000","top"
"R41","10k","R_0603_1608Metric","107.200000","-121.200000","0.000000","top"
"R101","220","R_0603_1608Metric","89.000000","-93.000000","90.000000","top"
"R102","220","R_0603_1608Metric","76.500000","-90.500000","90.000000","top"
"R103","220","R_0603_1608Metric","76.000000","-93.500000","0.000000","top"
"R104","220","R_0603_1608Metric","79.500000","-102.000000","0.000000","top"
"R105","220","R_0603_1608Metric","80.000000","-94.500000","0.000000","top"
"R106","220","R_0603_1608Metric","73.750000","-101.250000","0.000000","top"
"R107","220","R_0603_1608Metric","75.000000","-104.500000","90.000000","top"
"R108","220","R_0603_1608Metric","90.000000","-96.000000","0.000000","top"
"R109","220","R_0603_1608Metric","95.500000","-100.500000","90.000000","top"
"R110","220","R_0603_1608Metric","93.000000","-95.500000","90.000000","top"
"R111","220","R_0603_1608Metric","86.000000","-89.000000","0.000000","top"
"R112","220","R_0603_1608Metric","105.000000","-110.500000","0.000000","top"
"R113","220","R_0603_1608Metric","113.000000","-113.000000","0.000000","top"
"R114","220","R_0603_1608Metric","122.000000","-111.000000","90.000000","top"
"R115","220","R_0603_1608Metric","110.000000","-114.000000","90.000000","top"
"R116","220","R_0603_1608Metric","120.500000","-102.000000","0.000000","top"
"R117","220","R_0603_1608Metric","125.000000","-105.500000","90.000000","top"
"R118","220","R_0603_1608Metric","125.500000","-102.000000","0.000000","top"
"R119","220","R_0603_1608Metric","112.500000","-97.000000","0.000000","top"
"R120","220","R_0603_1608Metric","126.500000","-93.500000","90.000000","top"
"R121","220","R_0603_1608Metric","115.000000","-94.500000","90.000000","top"
"R203","100k","R_0603_1608Metric","74.750000","-86.000000","-90.000000","top"
"R206","100k","R_0603_1608Metric","76.600000","-101.800000","-90.000000","top"
"R212","100k","R_0603_1608Metric","106.000000","-109.000000","0.000000","top"
"S1","RESET","SW_SPST_TL3305A","109.000000","-92.000000","0.000000","top"
"S2","BOOT","SW_SPST_TL3305A","113.000000","-80.000000","-90.000000","top"
"U1","ESP32-C6-WROOM-1-N8","ESP32-C6-WROOM-1","100.000000","-72.600000","0.000000","top"
"U2","PCA9685PW,118","TSSOP-28_4.4x9.7mm_P0.65mm","95.000000","-108.000000","0.000000","top"
"U3","PCA9685PW,118","TSSOP-28_4.4x9.7mm_P0.65mm","106.000000","-103.000000","0.000000","top"
"U4","TCAN1042HGVDRQ1","SOIC-8_3.9x4.9mm_P1.27mm","95.500000","-122.000000","90.000000","top"
"U5","74HCS08PWJ","TSSOP-14_4.4x5mm_P0.65mm","99.750000","-89.750000","-90.000000","top"
"U6","SN74LVC1G04DBVR","SOT-23-5","108.000000","-87.000000","0.000000","top"
"U13","switched ambient gate bias","SOT-363_SC-70-6","94.000000","-87.000000","0.000000","top"
"U15","ESDS302","SOT-23-5","101.000000","-127.400000","-90.000000","top"
"U16","NUP2105LT1G","SOT-23","90.000000","-118.000000","180.000000","top"
"U17","TMUXHS221F","TI_RSW0010A_UQFN10_1p4x1p8_TMUXHS221F","104.550000","-126.000000","-90.000000","top"
