reference,pin,net,X_native_mm,Y_native_mm
J6,1,V24_MOTOR2,144.6,20.95
J6,2,GND,144.6,22.35
J6,3,CAN_H,144.6,23.4
J6,4,CAN_L,144.6,24.099999
J6,5,SPOT1_LED_PLUS,144.6,24.825
J6,6,SPOT1_LED_MINUS,144.6,25.575
J6,7,SPOT2_LED_PLUS,144.6,26.325
J6,8,SPOT2_LED_MINUS,144.6,27.075
J6,9,SPOT3_LED_PLUS,144.6,27.825
J6,10,SPOT3_LED_MINUS,144.6,28.575
J3,1,V24_MOTOR2,68.4,20.95
J3,2,GND,68.4,22.35
J3,3,CAN_H,68.4,23.4
J3,4,CAN_L,68.4,24.099999
J3,5,SPOT1_LED_PLUS,68.4,24.825
J3,6,SPOT1_LED_MINUS,68.4,25.575
J3,7,SPOT2_LED_PLUS,68.4,26.325
J3,8,SPOT2_LED_MINUS,68.4,27.075
J3,9,SPOT3_LED_PLUS,68.4,27.825
J3,10,SPOT3_LED_MINUS,68.4,28.575
J2,1,V24_MOTOR2,43.0,20.95
J2,2,GND,43.0,22.35
J2,3,CAN_H,43.0,23.4
J2,4,CAN_L,43.0,24.099999
J2,5,SPOT1_LED_PLUS,43.0,24.825
J2,6,SPOT1_LED_MINUS,43.0,25.575
J2,7,SPOT2_LED_PLUS,43.0,26.325
J2,8,SPOT2_LED_MINUS,43.0,27.075
J2,9,SPOT3_LED_PLUS,43.0,27.825
J2,10,SPOT3_LED_MINUS,43.0,28.575
J4,1,V24_MOTOR2,93.799999,20.95
J4,2,GND,93.799999,22.35
J4,3,CAN_H,93.799999,23.4
J4,4,CAN_L,93.799999,24.099999
J4,5,SPOT1_LED_PLUS,93.799999,24.825
J4,6,SPOT1_LED_MINUS,93.799999,25.575
J4,7,SPOT2_LED_PLUS,93.799999,26.325
J4,8,SPOT2_LED_MINUS,93.799999,27.075
J4,9,SPOT3_LED_PLUS,93.799999,27.825
J4,10,SPOT3_LED_MINUS,93.799999,28.575
J5,1,V24_MOTOR2,119.199999,20.95
J5,2,GND,119.199999,22.35
J5,3,CAN_H,119.199999,23.4
J5,4,CAN_L,119.199999,24.099999
J5,5,SPOT1_LED_PLUS,119.199999,24.825
J5,6,SPOT1_LED_MINUS,119.199999,25.575
J5,7,SPOT2_LED_PLUS,119.199999,26.325
J5,8,SPOT2_LED_MINUS,119.199999,27.075
J5,9,SPOT3_LED_PLUS,119.199999,27.825
J5,10,SPOT3_LED_MINUS,119.199999,28.575
J7,1,V24_MOTOR2,169.999999,20.95
J7,2,GND,169.999999,22.35
J7,3,CAN_H,169.999999,23.4
J7,4,CAN_L,169.999999,24.099999
J7,5,SPOT1_LED_PLUS,169.999999,24.825
J7,6,SPOT1_LED_MINUS,169.999999,25.575
J7,7,SPOT2_LED_PLUS,169.999999,26.325
J7,8,SPOT2_LED_MINUS,169.999999,27.075
J7,9,SPOT3_LED_PLUS,169.999999,27.825
J7,10,SPOT3_LED_MINUS,169.999999,28.575
J1,1,V24_MOTOR2,23.0,20.95
J1,2,GND,23.0,22.35
J1,3,CAN_H,23.0,23.4
J1,4,CAN_L,23.0,24.099999
J1,5,SPOT1_LED_PLUS,23.0,24.825
J1,6,SPOT1_LED_MINUS,23.0,25.575
J1,7,SPOT2_LED_PLUS,23.0,26.325
J1,8,SPOT2_LED_MINUS,23.0,27.075
J1,9,SPOT3_LED_PLUS,23.0,27.825
J1,10,SPOT3_LED_MINUS,23.0,28.575
